"TEST0","TEST0,TEST0,TEST0","TEST0","ADR1.1;ADR1.2,ADR2.1;ADR2.2","1000","2","1","1000","1","TN","1"
"TEST1","TEST1,TEST1,TEST1","TEST1","ADR1.1;ADR1.2,ADR2.1;ADR2.2","1000","2","1","1000","1","TN","1"
"TEST2","TEST2,TEST2,TEST2","TEST2","ADR1.1;ADR1.2,ADR2.1;ADR2.2","1000","2","1","1000","1","TN","1"
"TEST3","TEST3,TEST3,TEST3","TEST3","ADR1.1;ADR1.2,ADR2.1;ADR2.2","1000","2","1","1000","1","TN","1"
"TEST4","TEST4,TEST4,TEST4","TEST4","ADR1.1;ADR1.2,ADR2.1;ADR2.2","1000","2","1","1000","1","TN","1"
"TEST5","TEST5,TEST5,TEST5","TEST5","ADR1.1;ADR1.2,ADR2.1;ADR2.2","1000","2","1","1000","1","TN","1"
"TEST6","TEST6,TEST6,TEST6","TEST6","ADR1.1;ADR1.2,ADR2.1;ADR2.2","1000","2","1","1000","1","TN","1"
"TEST7","TEST7,TEST7,TEST7","TEST7","ADR1.1;ADR1.2,ADR2.1;ADR2.2","1000","2","1","1000","1","TN","1"
"TEST8","TEST8,TEST8,TEST8","TEST8","ADR1.1;ADR1.2,ADR2.1;ADR2.2","1000","2","1","1000","1","TN","1"
"TEST9","TEST9,TEST9,TEST9","TEST9","ADR1.1;ADR1.2,ADR2.1;ADR2.2","1000","2","1","1000","1","TN","1"
"TEST10","TEST10,TEST10,TEST10","TEST10","ADR1.1;ADR1.2,ADR2.1;ADR2.2","1000","2","1","1000","1","TN","1"
"TEST11","TEST11,TEST11,TEST11","TEST11","ADR1.1;ADR1.2,ADR2.1;ADR2.2","1000","2","1","1000","1","TN","1"
"TEST12","TEST12,TEST12,TEST12","TEST12","ADR1.1;ADR1.2,ADR2.1;ADR2.2","1000","2","1","1000","1","TN","1"
"TEST13","TEST13,TEST13,TEST13","TEST13","ADR1.1;ADR1.2,ADR2.1;ADR2.2","1000","2","1","1000","1","TN","1"
"TEST14","TEST14,TEST14,TEST14","TEST14","ADR1.1;ADR1.2,ADR2.1;ADR2.2","1000","2","1","1000","1","TN","1"
"TEST15","TEST15,TEST15,TEST15","TEST15","ADR1.1;ADR1.2,ADR2.1;ADR2.2","1000","2","1","1000","1","TN","1"
"TEST16","TEST16,TEST16,TEST16","TEST16","ADR1.1;ADR1.2,ADR2.1;ADR2.2","1000","2","1","1000","1","TN","1"
"TEST17","TEST17,TEST17,TEST17","TEST17","ADR1.1;ADR1.2,ADR2.1;ADR2.2","1000","2","1","1000","1","TN","1"
"TEST18","TEST18,TEST18,TEST18","TEST18","ADR1.1;ADR1.2,ADR2.1;ADR2.2","1000","2","1","1000","1","TN","1"
"TEST19","TEST19,TEST19,TEST19","TEST19","ADR1.1;ADR1.2,ADR2.1;ADR2.2","1000","2","1","1000","1","TN","1"
"TEST20","TEST20,TEST20,TEST20","TEST20","ADR1.1;ADR1.2,ADR2.1;ADR2.2","1000","2","1","1000","1","TN","1"
"TEST21","TEST21,TEST21,TEST21","TEST21","ADR1.1;ADR1.2,ADR2.1;ADR2.2","1000","2","1","1000","1","TN","1"
"TEST22","TEST22,TEST22,TEST22","TEST22","ADR1.1;ADR1.2,ADR2.1;ADR2.2","1000","2","1","1000","1","TN","1"
"TEST23","TEST23,TEST23,TEST23","TEST23","ADR1.1;ADR1.2,ADR2.1;ADR2.2","1000","2","1","1000","1","TN","1"
"TEST24","TEST24,TEST24,TEST24","TEST24","ADR1.1;ADR1.2,ADR2.1;ADR2.2","1000","2","1","1000","1","TN","1"
"TEST25","TEST25,TEST25,TEST25","TEST25","ADR1.1;ADR1.2,ADR2.1;ADR2.2","1000","2","1","1000","1","TN","1"
"TEST26","TEST26,TEST26,TEST26","TEST26","ADR1.1;ADR1.2,ADR2.1;ADR2.2","1000","2","1","1000","1","TN","1"
"TEST27","TEST27,TEST27,TEST27","TEST27","ADR1.1;ADR1.2,ADR2.1;ADR2.2","1000","2","1","1000","1","TN","1"
"TEST28","TEST28,TEST28,TEST28","TEST28","ADR1.1;ADR1.2,ADR2.1;ADR2.2","1000","2","1","1000","1","TN","1"
"TEST29","TEST29,TEST29,TEST29","TEST29","ADR1.1;ADR1.2,ADR2.1;ADR2.2","1000","2","1","1000","1","TN","1"
"TEST30","TEST30,TEST30,TEST30","TEST30","ADR1.1;ADR1.2,ADR2.1;ADR2.2","1000","2","1","1000","1","TN","1"
"TEST31","TEST31,TEST31,TEST31","TEST31","ADR1.1;ADR1.2,ADR2.1;ADR2.2","1000","2","1","1000","1","TN","1"
"TEST32","TEST32,TEST32,TEST32","TEST32","ADR1.1;ADR1.2,ADR2.1;ADR2.2","1000","2","1","1000","1","TN","1"
"TEST33","TEST33,TEST33,TEST33","TEST33","ADR1.1;ADR1.2,ADR2.1;ADR2.2","1000","2","1","1000","1","TN","1"
"TEST34","TEST34,TEST34,TEST34","TEST34","ADR1.1;ADR1.2,ADR2.1;ADR2.2","1000","2","1","1000","1","TN","1"
"TEST35","TEST35,TEST35,TEST35","TEST35","ADR1.1;ADR1.2,ADR2.1;ADR2.2","1000","2","1","1000","1","TN","1"
"TEST36","TEST36,TEST36,TEST36","TEST36","ADR1.1;ADR1.2,ADR2.1;ADR2.2","1000","2","1","1000","1","TN","1"
"TEST37","TEST37,TEST37,TEST37","TEST37","ADR1.1;ADR1.2,ADR2.1;ADR2.2","1000","2","1","1000","1","TN","1"
"TEST38","TEST38,TEST38,TEST38","TEST38","ADR1.1;ADR1.2,ADR2.1;ADR2.2","1000","2","1","1000","1","TN","1"
"TEST39","TEST39,TEST39,TEST39","TEST39","ADR1.1;ADR1.2,ADR2.1;ADR2.2","1000","2","1","1000","1","TN","1"
"TEST40","TEST40,TEST40,TEST40","TEST40","ADR1.1;ADR1.2,ADR2.1;ADR2.2","1000","2","1","1000","1","TN","1"
"TEST41","TEST41,TEST41,TEST41","TEST41","ADR1.1;ADR1.2,ADR2.1;ADR2.2","1000","2","1","1000","1","TN","1"
"TEST42","TEST42,TEST42,TEST42","TEST42","ADR1.1;ADR1.2,ADR2.1;ADR2.2","1000","2","1","1000","1","TN","1"
"TEST43","TEST43,TEST43,TEST43","TEST43","ADR1.1;ADR1.2,ADR2.1;ADR2.2","1000","2","1","1000","1","TN","1"
"TEST44","TEST44,TEST44,TEST44","TEST44","ADR1.1;ADR1.2,ADR2.1;ADR2.2","1000","2","1","1000","1","TN","1"
"TEST45","TEST45,TEST45,TEST45","TEST45","ADR1.1;ADR1.2,ADR2.1;ADR2.2","1000","2","1","1000","1","TN","1"
"TEST46","TEST46,TEST46,TEST46","TEST46","ADR1.1;ADR1.2,ADR2.1;ADR2.2","1000","2","1","1000","1","TN","1"
"TEST47","TEST47,TEST47,TEST47","TEST47","ADR1.1;ADR1.2,ADR2.1;ADR2.2","1000","2","1","1000","1","TN","1"
"TEST48","TEST48,TEST48,TEST48","TEST48","ADR1.1;ADR1.2,ADR2.1;ADR2.2","1000","2","1","1000","1","TN","1"
"TEST49","TEST49,TEST49,TEST49","TEST49","ADR1.1;ADR1.2,ADR2.1;ADR2.2","1000","2","1","1000","1","TN","1"
"TEST50","TEST50,TEST50,TEST50","TEST50","ADR1.1;ADR1.2,ADR2.1;ADR2.2","1000","2","1","1000","1","TN","1"
"TEST51","TEST51,TEST51,TEST51","TEST51","ADR1.1;ADR1.2,ADR2.1;ADR2.2","1000","2","1","1000","1","TN","1"
"TEST52","TEST52,TEST52,TEST52","TEST52","ADR1.1;ADR1.2,ADR2.1;ADR2.2","1000","2","1","1000","1","TN","1"
"TEST53","TEST53,TEST53,TEST53","TEST53","ADR1.1;ADR1.2,ADR2.1;ADR2.2","1000","2","1","1000","1","TN","1"
"TEST54","TEST54,TEST54,TEST54","TEST54","ADR1.1;ADR1.2,ADR2.1;ADR2.2","1000","2","1","1000","1","TN","1"
"TEST55","TEST55,TEST55,TEST55","TEST55","ADR1.1;ADR1.2,ADR2.1;ADR2.2","1000","2","1","1000","1","TN","1"
"TEST56","TEST56,TEST56,TEST56","TEST56","ADR1.1;ADR1.2,ADR2.1;ADR2.2","1000","2","1","1000","1","TN","1"
"TEST57","TEST57,TEST57,TEST57","TEST57","ADR1.1;ADR1.2,ADR2.1;ADR2.2","1000","2","1","1000","1","TN","1"
"TEST58","TEST58,TEST58,TEST58","TEST58","ADR1.1;ADR1.2,ADR2.1;ADR2.2","1000","2","1","1000","1","TN","1"
"TEST59","TEST59,TEST59,TEST59","TEST59","ADR1.1;ADR1.2,ADR2.1;ADR2.2","1000","2","1","1000","1","TN","1"
"TEST60","TEST60,TEST60,TEST60","TEST60","ADR1.1;ADR1.2,ADR2.1;ADR2.2","1000","2","1","1000","1","TN","1"
"TEST61","TEST61,TEST61,TEST61","TEST61","ADR1.1;ADR1.2,ADR2.1;ADR2.2","1000","2","1","1000","1","TN","1"
"TEST62","TEST62,TEST62,TEST62","TEST62","ADR1.1;ADR1.2,ADR2.1;ADR2.2","1000","2","1","1000","1","TN","1"
"TEST63","TEST63,TEST63,TEST63","TEST63","ADR1.1;ADR1.2,ADR2.1;ADR2.2","1000","2","1","1000","1","TN","1"
"TEST64","TEST64,TEST64,TEST64","TEST64","ADR1.1;ADR1.2,ADR2.1;ADR2.2","1000","2","1","1000","1","TN","1"
"TEST65","TEST65,TEST65,TEST65","TEST65","ADR1.1;ADR1.2,ADR2.1;ADR2.2","1000","2","1","1000","1","TN","1"
"TEST66","TEST66,TEST66,TEST66","TEST66","ADR1.1;ADR1.2,ADR2.1;ADR2.2","1000","2","1","1000","1","TN","1"
"TEST67","TEST67,TEST67,TEST67","TEST67","ADR1.1;ADR1.2,ADR2.1;ADR2.2","1000","2","1","1000","1","TN","1"
"TEST68","TEST68,TEST68,TEST68","TEST68","ADR1.1;ADR1.2,ADR2.1;ADR2.2","1000","2","1","1000","1","TN","1"
"TEST69","TEST69,TEST69,TEST69","TEST69","ADR1.1;ADR1.2,ADR2.1;ADR2.2","1000","2","1","1000","1","TN","1"
"TEST70","TEST70,TEST70,TEST70","TEST70","ADR1.1;ADR1.2,ADR2.1;ADR2.2","1000","2","1","1000","1","TN","1"
"TEST71","TEST71,TEST71,TEST71","TEST71","ADR1.1;ADR1.2,ADR2.1;ADR2.2","1000","2","1","1000","1","TN","1"
"TEST72","TEST72,TEST72,TEST72","TEST72","ADR1.1;ADR1.2,ADR2.1;ADR2.2","1000","2","1","1000","1","TN","1"
"TEST73","TEST73,TEST73,TEST73","TEST73","ADR1.1;ADR1.2,ADR2.1;ADR2.2","1000","2","1","1000","1","TN","1"
"TEST74","TEST74,TEST74,TEST74","TEST74","ADR1.1;ADR1.2,ADR2.1;ADR2.2","1000","2","1","1000","1","TN","1"
"TEST75","TEST75,TEST75,TEST75","TEST75","ADR1.1;ADR1.2,ADR2.1;ADR2.2","1000","2","1","1000","1","TN","1"
"TEST76","TEST76,TEST76,TEST76","TEST76","ADR1.1;ADR1.2,ADR2.1;ADR2.2","1000","2","1","1000","1","TN","1"
"TEST77","TEST77,TEST77,TEST77","TEST77","ADR1.1;ADR1.2,ADR2.1;ADR2.2","1000","2","1","1000","1","TN","1"
"TEST78","TEST78,TEST78,TEST78","TEST78","ADR1.1;ADR1.2,ADR2.1;ADR2.2","1000","2","1","1000","1","TN","1"
"TEST79","TEST79,TEST79,TEST79","TEST79","ADR1.1;ADR1.2,ADR2.1;ADR2.2","1000","2","1","1000","1","TN","1"
"TEST80","TEST80,TEST80,TEST80","TEST80","ADR1.1;ADR1.2,ADR2.1;ADR2.2","1000","2","1","1000","1","TN","1"
"TEST81","TEST81,TEST81,TEST81","TEST81","ADR1.1;ADR1.2,ADR2.1;ADR2.2","1000","2","1","1000","1","TN","1"
"TEST82","TEST82,TEST82,TEST82","TEST82","ADR1.1;ADR1.2,ADR2.1;ADR2.2","1000","2","1","1000","1","TN","1"
"TEST83","TEST83,TEST83,TEST83","TEST83","ADR1.1;ADR1.2,ADR2.1;ADR2.2","1000","2","1","1000","1","TN","1"
"TEST84","TEST84,TEST84,TEST84","TEST84","ADR1.1;ADR1.2,ADR2.1;ADR2.2","1000","2","1","1000","1","TN","1"
"TEST85","TEST85,TEST85,TEST85","TEST85","ADR1.1;ADR1.2,ADR2.1;ADR2.2","1000","2","1","1000","1","TN","1"
"TEST86","TEST86,TEST86,TEST86","TEST86","ADR1.1;ADR1.2,ADR2.1;ADR2.2","1000","2","1","1000","1","TN","1"
"TEST87","TEST87,TEST87,TEST87","TEST87","ADR1.1;ADR1.2,ADR2.1;ADR2.2","1000","2","1","1000","1","TN","1"
"TEST88","TEST88,TEST88,TEST88","TEST88","ADR1.1;ADR1.2,ADR2.1;ADR2.2","1000","2","1","1000","1","TN","1"
"TEST89","TEST89,TEST89,TEST89","TEST89","ADR1.1;ADR1.2,ADR2.1;ADR2.2","1000","2","1","1000","1","TN","1"
"TEST90","TEST90,TEST90,TEST90","TEST90","ADR1.1;ADR1.2,ADR2.1;ADR2.2","1000","2","1","1000","1","TN","1"
"TEST91","TEST91,TEST91,TEST91","TEST91","ADR1.1;ADR1.2,ADR2.1;ADR2.2","1000","2","1","1000","1","TN","1"
"TEST92","TEST92,TEST92,TEST92","TEST92","ADR1.1;ADR1.2,ADR2.1;ADR2.2","1000","2","1","1000","1","TN","1"
"TEST93","TEST93,TEST93,TEST93","TEST93","ADR1.1;ADR1.2,ADR2.1;ADR2.2","1000","2","1","1000","1","TN","1"
"TEST94","TEST94,TEST94,TEST94","TEST94","ADR1.1;ADR1.2,ADR2.1;ADR2.2","1000","2","1","1000","1","TN","1"
"TEST95","TEST95,TEST95,TEST95","TEST95","ADR1.1;ADR1.2,ADR2.1;ADR2.2","1000","2","1","1000","1","TN","1"
"TEST96","TEST96,TEST96,TEST96","TEST96","ADR1.1;ADR1.2,ADR2.1;ADR2.2","1000","2","1","1000","1","TN","1"
"TEST97","TEST97,TEST97,TEST97","TEST97","ADR1.1;ADR1.2,ADR2.1;ADR2.2","1000","2","1","1000","1","TN","1"
"TEST98","TEST98,TEST98,TEST98","TEST98","ADR1.1;ADR1.2,ADR2.1;ADR2.2","1000","2","1","1000","1","TN","1"
"TEST99","TEST99,TEST99,TEST99","TEST99","ADR1.1;ADR1.2,ADR2.1;ADR2.2","1000","2","1","1000","1","TN","1"